Reason,Removed_Words
Special Characters," ""Georges"""
Special Characters," ""Rembrandts"""
Special Characters, cross-country
Special Characters," ""eagles"""
Special Characters," ""Hornets"""
Special Characters," ""Hornets"""
Special Characters," ""Cadburys"""
Special Characters, us-open
Special Characters, non-tuna
Special Characters,Wendy’s
Special Characters, 3.14...
Special Characters,Fat-free
Special Characters,...tail
Special Characters, ^3
Special Characters," ""Jacobs"""
Special Characters, Wall-E
Special Characters, .com
Special Characters, 1942-2023
Special Characters, Casse-tête
Special Characters, Aristo.
Special Characters, Avant-diner
Special Characters, Haut-de-forme
Special Characters, Au-dessus
Special Characters,Not.you
Special Characters,your.arms
Special Characters, eyes.up.here
Special Characters, Twin.Towers
Special Characters,Size.of.your.ballsack
Special Characters,smitty.werbenjagermanjensen
Special Characters, an.ill.guy
Special Characters, Mini.Movie
Special Characters,Lone.Ranger
Special Characters, Not.u
Special Characters,dick.head.shape
Special Characters, tool.aka.you
Special Characters,no.one.here
Special Characters, orange.dildo
Special Characters, you.need.one
Special Characters, u.need.it
Special Characters, drink.it
Special Characters,U.dont.dress.like.this
Special Characters, white.people.dont.do.this
Special Characters,I.hate.everything.about.you
Special Characters, fish.in.the.sea
Special Characters,Pac-Man
Special Characters," ""Fools"""
Special Characters," ""Fools"""
Special Characters," ""Rubiks"""
Special Characters,"""Lovin"""
Special Characters,"""Greys"""
Special Characters, Pince-nez
Special Characters,Hope’s
Special Characters, Alexandre-
Special Characters, de-mie
Special Characters, au-sucre
Special Characters,de-bananes
Special Characters, des-retraites
Special Characters, weight-watchers
Special Characters,Dragon-Ball
Special Characters, couvre-chef
Special Characters,Marie-Antoinette
Special Characters,.
Special Characters,Devil-Devil
Special Characters,in-point
Special Characters,Sheep-Granny
Special Characters, Big-Wet
Special Characters,van-gogh
Special Characters, Explode-yelp
Special Characters, cancer-stick
Special Characters, -Du-Fiel
Special Characters,ping-pong
Special Characters,-gear-solid
Special Characters, heavy-
Special Characters,Volte-face
Special Characters,"""davignon"""
Special Characters, du-gard
Special Characters, Vanessa.P
Special Characters, -frites
Special Characters,tir-a
Special Characters, -carquois
Special Characters, les-3-
Special Characters,tu-pointe
Special Characters, ou-tu-tires
Special Characters,-oreille
Special Characters, -a-sertir
Special Characters,Archtung-archtung
Special Characters, -sonnerie
Special Characters, bon-mauvais
Special Characters, cha-cha
Special Characters, cha-cha
Special Characters, ^3
Special Characters, Sub-zero
Special Characters,"""toymakers"""
Special Characters,$
Special Characters, £
Special Characters," ""McDonalds"""
Special Characters," ""Johnsons"""
Special Characters, French.ways
Special Characters,$$$
Special Characters, Totally-Spies
Special Characters,Ass-
Special Characters, Courtney.love
Special Characters, eye-patch
Special Characters, dead-ish
Special Characters,I.need.it
Special Characters, Early.bird
Special Characters, Charles.wont.make.it
Special Characters, Charles.needs.one
Special Characters, floor-covering
Special Characters, card-board
Special Characters, Clothes-set
Special Characters, Mana-Loa
Special Characters, Snow-white
Special Characters, food-air
Special Characters, Light-weight
Special Characters, vs.
Special Characters," ""Hells"""
Special Characters, nine-tailed
Special Characters," ""Frodos"""
Special Characters," ""saturns"""
Special Characters, T.V.
Special Characters, #9
Special Characters, .25
Special Characters, SPider-verse
Special Characters,"""6"""
Special Characters," ""Gilligans"""
Special Characters," ""heads"""
Special Characters," ""fingers"""
Special Characters,wall-e
Special Characters," ""mcdonalds"""
Special Characters," ""wendys"""
Special Characters, 17.
Special Characters, 28.2.
Special Characters, -Kreislauferkrankung
Special Characters, Hachiko-Statue
Special Characters, Computer-
Special Characters,Mathe-
Special Characters, St.Pauli
Special Characters, -eier
Special Characters,Block-
Special Characters, Granny-smith
Special Characters, £
Special Characters, HMS-victory
Special Characters,.25
Special Characters, 0.25
Special Characters,Moby-Dick
Special Characters, Olivier-K
Special Characters," ""Seteint"""
Special Characters, Gréement.
Special Characters,-shot
Special Characters, ice-skate
Special Characters, Computer...
Special Characters, Mikro...
Special Characters, ....projektor
Special Characters, ...von-Bethlehem
Special Characters, Take-off
Special Characters, 3-letters
Special Characters, 3-letters
Special Characters, dance-hall
Special Characters, 8-letters
Special Characters,"""Orions"""
Special Characters,15%
Special Characters, friend-shaped
Special Characters, X-Man
Special Characters, Romantic-
Special Characters, Notre-Dame
Special Characters, Citroen-Modell
Special Characters,Funk...
Special Characters, make-up
Special Characters," ""Pans"""
Special Characters," ""Cinderellas"""
Special Characters, 0.25
Special Characters, Gangsters....
Special Characters, Smartphone-App-Viech
Special Characters, 49€
Special Characters, New-York
Special Characters,fil-a
Special Characters,"""Ollivanders"""
Special Characters, Azay-le-rideau
Special Characters, B-flat
Special Characters,clic-clac
Special Characters, Hi-fi
Special Characters, Casse-croûte
Special Characters,Belle-Hélène
Special Characters, Louis-Philippe
Special Characters,Saint-Jacques
Special Characters, ...gabel
Special Characters,Bolschoi-Theater
Special Characters, one-trick
Special Characters, Four-leaf
Special Characters, Pin-pon
Special Characters, 20%
Special Characters, T-
Special Characters, sous-sol
Special Characters, cock-a-doodle-doo
Special Characters,pre-heat
Special Characters," ""Rockin"""
Special Characters, Johannes-Paul
Special Characters,"""Gumps"""
Special Characters," ""Photographers"""
Special Characters,A-la-carte
Special Characters,newly-weds
Special Characters," ""Divers"""
Special Characters," ""Petes"""
Special Characters,"""Queens"""
Special Characters, Dry-Aged
Special Characters,"""Meridias"""
Special Characters," ""Davignon"""
Special Characters, hand-held
Special Characters," ""Peachs"""
Special Characters, -plex
Special Characters," ""Elmos"""
Special Characters, cathode-ray
Special Characters, Mr.
Special Characters, Yellow..
Special Characters, Anglo-American
Special Characters, Sino-Russian
Special Characters," ""Harrahs"""
Special Characters,"""Snickets"""
Special Characters, Fremd-
Special Characters,Make-up
Special Characters," ""Achilles"""
Special Characters," ""McDonalds"""
Special Characters, à-gaz
Special Characters," ""Sees"""
Special Characters, ...der13
Special Characters, Kar...
Special Characters, Mutter-der-mann-mit-dem-koks
Special Characters,Twenty-five
Special Characters," ""Valentines"""
Special Characters, carry-on
Special Characters, looking-glass
Special Characters, Co-Pilot
Special Characters, Schnee....
Special Characters, Tour-de-France
Special Characters, Grund...
Special Characters, Theater...
Special Characters, Torten...
Special Characters, Ariane....
Special Characters, Saturn-5
Special Characters,"""Descampette"""
Special Characters, T-rex
Special Characters, t-rex
Special Characters," ""jene"""
Special Characters," ""Saispas"""
Special Characters, Orang-outan
Special Characters, Abat-jour
Special Characters, Andreas-
Special Characters,Ka-chow
Special Characters," ""mules"""
Special Characters, side-blown
Special Characters, t-bone
Special Characters,P.I.
Special Characters,2-wheel
Special Characters, narrow-snouted
Special Characters," ""Rocknroll"""
Special Characters," ""Gees"""
Special Characters," ""Farmers"""
Special Characters," ""Archimedes"""
Special Characters, COVID-19
Special Characters, D’eau
Special Characters,A-frame
Special Characters, Amun-r
Special Characters,Picasso-Taube
Special Characters,"""Faraos"""
Special Characters, Hermann’s
Special Characters, 38.0
Special Characters, Pique-nique
Special Characters, Arc-en-ciel
Special Characters, cockcdoodle-do
Special Characters, Tsé-tsé
Special Characters, Tsé-tsé
Special Characters," ""Whos"""
Special Characters, X-Men
Special Characters, blanche-neige
Special Characters," ""Grocers"""
Special Characters," ""Shepherds"""
Special Characters, 3.14
Special Characters," ""Ringos"""
Special Characters," ""Pans"""
Special Characters, Couvre-chef
Special Characters,Moyen-Age
Special Characters," ""Lords"""
Special Characters," ""Lavent"""
Special Characters,"""Cupids"""
Special Characters," ""Dunkin"""
Special Characters, -asaur
Special Characters, Fast-food
Special Characters," ""Babys"""
Special Characters," ""Brocas"""
Special Characters,moyen-age
Special Characters,tick-tack
Special Characters,ta-da
Special Characters, choo-choo
Special Characters, Night-blooming
Special Characters," ""DAix"""
Special Characters,lave-linge
Special Characters," ""octopus"""
Special Characters," ""Peaces"""
Special Characters, Tire-Bouchon
Special Characters, Pouet-pouet
Special Characters, Scotch-Brite
Special Characters," ""Farmers"""
Special Characters," ""Leggs"""
Special Characters, -truly
Special Characters,"""Utilitys"""
Special Characters,"""Shields"""
Special Characters,T-shirt
Special Characters," ""Oldmcdonald"""
Special Characters, Jell-0
Special Characters, Demi-canard
Special Characters," ""Bahai"""
Special Characters," ""Scouts"""
Special Characters, Elevar-se
Special Characters, #2
Special Characters, Ex-Kollegin
Special Characters,-decay
Special Characters, snaggle-
Special Characters,"""doesnt"""
Special Characters,cha-cha
Special Characters, -winning-
Special Characters, Island-
Special Characters, -Re-
Special Characters, -Man
Special Characters, -Man
Special Characters, -Ellis-
Special Characters, -Treasure-
Special Characters,-filling
Special Characters, 3.14
Special Characters, cherry-
Special Characters," ""Jafars"""
Special Characters, -power
Special Characters,-rat
Special Characters," ""its"""
Special Characters,"""Farmers"""
Special Characters, -roads
Special Characters, -swimming-
Special Characters, Pere-Lachaise
Special Characters, Orient-Express
Special Characters,Dr.Teeth
Special Characters," ""turnin"""
Special Characters, whole-
Special Characters, shirt-
Special Characters, Two-toned
Special Characters, two-tone
Special Characters, -around
Special Characters,"""theres"""
Special Characters," ""Archers"""
Special Characters, drive-thru
Special Characters,Tug-o-War
Special Characters, 25%
Special Characters, -On
Special Characters," ""Kings"""
Special Characters, trades-good
Special Characters,-Quest
Special Characters,-sour
Special Characters, -unturned
Special Characters," ""Patients"""
Special Characters,"""erbody"""
Special Characters," ""Indys"""
Special Characters,"""wheres"""
Special Characters, -last-
Special Characters, St-Valentin
Special Characters, Meyer-landruth
Special Characters, Blink-182
Special Characters,lithium-ion
Special Characters,Mobile-home
Special Characters,Cow-boy
Special Characters," ""Conjurors"""
Special Characters, passe-partout
Special Characters," ""Orions"""
Special Characters, B-Boy
Special Characters," ""Brians"""
Special Characters,Tourne-...
Special Characters, ....yboots
Special Characters," ""Valentines"""
Special Characters, deep-sea
Special Characters, kung-fu
Special Characters, Kai-moek
Special Characters,knock-out
Special Characters," ""Childrens"""
Special Characters,Wall-E
Special Characters, Lance-pierres
Special Characters, Middle-aged
Special Characters,"""Conductors"""
Special Characters," ""Tiffanys"""
Special Characters, Daddy-Long-Legs
Special Characters, Six-faces
Special Characters, heart-shaped
Special Characters, -toed
Special Characters, Moyen-age
Special Characters, -loud
Special Characters, haut-parleur
Special Characters, Beaux-arts
Special Characters, apres-
Special Characters, casting-
Special Characters, -potato
Special Characters, Pan-
Special Characters, Scoville-Skala
Special Characters, Hi-Fi
Special Characters, Gentleman’s
Special Characters, Maria-antonietta
Special Characters, PIED-PIPER
Special Characters, J.R.R.
Special Characters,"""Dif"""
Special Characters, government-issued
Special Characters, queue#
Special Characters," ""man"""
Special Characters," ""jewellers"""
Special Characters," ""Tiffanys"""
Special Characters, dewey.
Special Characters, Camp-cooking
Special Characters, wu-xing
Special Characters, 5-letters
Special Characters," ""Bloomin"""
Special Characters, sous-terrain
Special Characters, ugs.Kleingeld
Special Characters, Stratford-upon-Avon
Special Characters,.....zucker
Special Characters, Sub-Zero
Special Characters,"""Lets"""
Special Characters,Sous-sol
Special Characters,Saint-Gothard
Special Characters, U-Bahn
Special Characters, Penny..
Special Characters, ..farthing
Special Characters,D-bowie
Special Characters, Eye-watering
Special Characters," ""painters"""
Special Characters, double-clique
Special Characters,Blanche-Neige
Special Characters, Photo-taking
Special Characters, Tsang-Yam-kuen
Special Characters, Супер-Кот
Special Characters," ""Archers"""
Special Characters, Self-defense
Special Characters,Pilou-pilou
Special Characters, Entre-deux
Special Characters,"""Rollin"""
Special Characters,Sars-CoV-2
Special Characters, hot-dog
Special Characters, Two-wheeler
Special Characters," ""lampoons"""
Special Characters, Dreisitzer...
Special Characters, ...nsporn
Special Characters, ...schlacht
Special Characters, Daunen....
Special Characters, Tür...
Special Characters, Goldener-Schuh
Special Characters,Böser-Zwilling-der-Erde
Special Characters, Chick-fil-A
Special Characters,"""boats"""
Special Characters, 9-inch
Special Characters, Châtelet-Les-Halles
Special Characters, Cm^3
Special Characters, Wool-cutting
Special Characters, kuru-zu
Special Characters,Pin-up
Special Characters, a.m.
Special Characters,Porte-documents
Special Characters, may-care
Special Characters, A.M.
Special Characters, Sabuk-eup
Special Characters, Fern...
Special Characters, Cm^3
Special Characters, pre-meal
Special Characters, 3.14
Special Characters, Claque-doigts
Special Characters, man-made
Special Characters, Viertel-vor-Zwölfte
Special Characters, omega-3
Special Characters, rain-
Special Characters, cover-up
Special Characters," ""namaste"""
Special Characters," ""Sees"""
Special Characters, four-leaved
Special Characters,"""Mens"""
Special Characters, ...фильма
Special Characters, -attacher
Special Characters, Splendor-Duel
Special Characters,legislative-
Special Characters, Laub-
Special Characters, -Colline
Special Characters, Couvre-chef
Special Characters, Couvre-chef
Special Characters, Cow-boy
Special Characters, Hot-dog
Special Characters,T-rex
Special Characters,....erBoy
Special Characters," ""....ersTan"""
Special Characters, Heu-
Special Characters, 22.08.
Special Characters, Passe-Partout
Special Characters,"""Adams"""
Special Characters, Presque-
Special Characters,D’amour
Special Characters,-kid
Special Characters,T-shirt
Special Characters," ""shipsnsailors"""
Special Characters, au-Prince
Special Characters," ""Gods"""
Special Characters," ""Achilles"""
Special Characters,"""Charlies"""
Special Characters, C#
Special Characters, Wüsten-
Special Characters," ""hornets"""
Special Characters, Science-Fiction
Special Characters, Telefon......
Special Characters,T-Rex
Special Characters, Vor245mill.jahren
Special Characters, Karo-Ass
Special Characters, Schreck-
Special Characters, Seit15.09.1997
Special Characters, 3D-Kunstwerk
Special Characters, EAV-lied
Special Characters, Lese-
Special Characters," ""dogs"""
Special Characters,"""Berlins"""
Special Characters, Basse-cour
Special Characters, basse-cours
Special Characters, Wall-E
Special Characters," ""Farmers"""
Special Characters," ""santas"""
Special Characters, Michaelangelo’s..david
Special Characters, Var-matin
Special Characters, Card-catalog
Special Characters, Cookoo’s
Special Characters, A.Y.C.E.
Special Characters," ""Larraché"""
Special Characters, Twenty-six
Special Characters, 100.4
Special Characters, 38.7f
Special Characters, Decken-
Special Characters," ""Bees"""
Special Characters, Mr.
Special Characters,T-shirt
Special Characters,"""St.Vincents"""
Special Characters," ""St.Marys"""
Special Characters," ""Sees"""
Special Characters, Haar-
Special Characters, Nicht-montag
Special Characters, 13.
Special Characters, Kutcher’s
Special Characters, arc-en-ciel
Special Characters, -Cide
Special Characters,McDonald’s
Special Characters, Finger-
Special Characters," ""Farmers"""
Special Characters, WALL-E
Special Characters," ""Count-dArtagnan"""
Special Characters, Quinze-Vingts
Special Characters, 3-fire
Special Characters, Sous-vêtements
Special Characters,-polis
Special Characters,"""repulsions"""
Special Characters," ""aladdins"""
Special Characters,cha-cha
Special Characters," ""semicircles"""
Special Characters," ""pirates"""
Special Characters," ""Copenhagens"""
Special Characters, wall-to-wall
Special Characters, free-range
Special Characters, half-full
Special Characters," ""Spongebobs"""
Special Characters," ""Surfin"""
Special Characters," ""Hitchhikers"""
Special Characters,Sword’n
Special Characters," ""RocknRoll"""
Special Characters, Off-road
Special Characters, Glocken-
Special Characters, Achilles‘
Special Characters, ベン・エインズリー
Special Characters,"""D"""
Special Characters,Oster-
Special Characters, -wehr
Special Characters, Nelson’s
Special Characters, Tim’s
Special Characters, Looking-glass
Special Characters,anti-gravité
Special Characters, Base-jump
Special Characters, St-Pierre
Special Characters, Sunny-D
Special Characters, 10%
Special Characters, Wohn-
Special Characters, -stark
Special Characters, Covid-19
Special Characters, Long......
Special Characters, Tourne-disque
Special Characters, Apfel...
Special Characters, E-I-E-I-O
Special Characters, Brems-
Special Characters, Base-Jumping
Special Characters, -less
Special Characters, -racehorse
Special Characters, -craft
Special Characters, -thrower
Special Characters," ""sorcerers"""
Special Characters, f-stop
Special Characters, Saint-Gothard
Special Characters,-atine
Special Characters," ""Gilligans"""
Special Characters, Farmer’s
Special Characters, Laub-
Special Characters, Shetland...
Special Characters, AC-DC
Special Characters, chewing-gum
Special Characters, Panneaux-solaires
Special Characters,"""DArtagnan"""
Special Characters, Bork-bork
Special Characters, Type-cD
Special Characters, milk-like
Special Characters,100.3
Special Characters, spore-bearing
Special Characters, Carrie-Anne
Special Characters, -witch-
Special Characters,Malt-o
Special Characters, bonhomme-de-neige
Special Characters, coupe-tif
Special Characters, la-famille
Special Characters, -animal
Special Characters, -tatouille
Special Characters, grand-8
Special Characters,-a2mains
Special Characters, manège-a-
Special Characters, de-brest
Special Characters,-baleine
Special Characters, -marteau
Special Characters, pointe-noire
Special Characters, lucky-strike
Special Characters, -electronique
Special Characters,sans-frotter
Special Characters, sans-les-mains
Special Characters," ""-de-lavant"""
Special Characters, -grégorien
Special Characters,Du-xxx-des-femmes
Special Characters, Et-de-la-biere-nom-de-dieu
Special Characters,du-havre
Special Characters, de-peche
Special Characters, -louis
Special Characters, -la-nouvelle
Special Characters,-de-provence
Special Characters, -aromatique
Special Characters,"""shabille"""
Special Characters, en-prada
Special Characters, blanche-neige
Special Characters,-prosecution
Special Characters, ...Thermometer
Special Characters, Ehe.
Special Characters,Leucht..
Special Characters, Eifel...
Special Characters, St-Jacques
Special Characters, Saint-Jacques
Special Characters, X-wing
Special Characters, X-Wing
Special Characters, Saint-Michel
Special Characters, Amuse-bouche
Special Characters,Haut-de-forme
Special Characters, Couvre-chef
Special Characters, couvre-chef
Special Characters,Trois-mâts
Special Characters, chewing-gum
Special Characters, Bell-UH-1d
Special Characters, Pré-salé
Special Characters," ""Dorge"""
Special Characters, -line
Special Characters, sink-
Special Characters,"""Hermanns"""
Special Characters, Nouveau-né
Special Characters,anti-ride
Special Characters, On-premise
Special Characters, Quasi-Sans-Tête
Special Characters, amuse-gueule
Special Characters, poids-lourd
Special Characters,sous-terrain
Special Characters, Mont-Blanc
Special Characters, pomme-de-terre
Special Characters,Baby-
Special Characters," ""Dartagnan"""
Special Characters, half-n-half
Special Characters, Stand-up
Special Characters, fatty-oil
Special Characters, Haute-Savoie
Special Characters, Soutien-gorge
Special Characters, Soutien-gorge
Special Characters, Grammy-Gewinnerin
Special Characters," ""Oclock"""
Special Characters, Wall-E
Special Characters, 0.25
Special Characters, Bande-dessinée
Special Characters, Geographie-Unterricht
Special Characters,100.4
Special Characters, 2-d6
Special Characters, Girl-
Special Characters, -oh-my-oh-my
Special Characters, Meat-
Special Characters," ""kings"""
Special Characters," ""smokers"""
Special Characters,fire..
Special Characters,"""Meridas"""
Special Characters,A.D.D.1.E.
Special Characters," ""Teslas"""
Special Characters,T-Mobile
Special Characters, Which-
Special Characters, Yu-Gi-Oh
Special Characters, Amuse-bouche
Special Characters, pre-series
Special Characters," ""Chefs"""
Special Characters, Micro-processor
Special Characters," ""starry"""
Special Characters, Four-leaf
Special Characters, Luftpost-
Special Characters, G-Suite
Special Characters, Philosopher’s
Special Characters,mr.
Special Characters, Wall-e
Special Characters,x-mas
Special Characters, -Office
Special Characters, Küchen-
Special Characters, Super-Hessu
Special Characters,"""Pans"""
Special Characters, Grammy-Gewinnerin
Special Characters, Q-tip
Special Characters,D.Bowie
Special Characters, J.Henson
Special Characters," ""80s"""
Special Characters,Nr.5
Special Characters, R.E.M.
Special Characters, -Silvester
Special Characters," ""Babys"""
Special Characters, high-fructose
Special Characters, Blondie’s
Special Characters, -Schildkröte
Special Characters, Mode..
Special Characters, couvre-chef
Special Characters, Christmas-tree
Special Characters," ""Pirates"""
Special Characters, man-made
Special Characters, 1$
Special Characters,Porte-monnaie
Special Characters, Longues-vue
Special Characters,Lazuli’s
Special Characters," ""Putins"""
Special Characters,ten-speed
Special Characters, Common-law
Special Characters, Mr.
Special Characters," ""Exporta"""
Special Characters,Lady-D
Special Characters, Grace-Kelly
Special Characters, Dr.Banner
Special Characters," ""Horsdoeuvres"""
Special Characters," ""Rubiks"""
Special Characters, Wall-e
Special Characters, Kopof..
Special Characters," ""Poohs"""
Special Characters, Mr.
Special Characters," ""Arbys"""
Special Characters,Dr.
Special Characters, Al-cute-a
Special Characters, Himmels-
Special Characters, 38.9
Special Characters," ""Dominos"""
Special Characters," ""Lolas"""
Special Characters,Chauve-souris
Special Characters, Slap-stick
Special Characters, Sgt.
Special Characters," ""Queens"""
Special Characters," ""Queens"""
Special Characters, Wall-E
Special Characters,Amuse-bouche
Special Characters, Mr.Bean
Special Characters,Baden-Baden
Special Characters, -lica
Special Characters,"""youre"""
Special Characters," ""Blondies"""
Special Characters," ""therapees"""
Special Characters, -Doppel-
Special Characters, -Gebäude
Special Characters,-nut
Special Characters, Pick-up
Special Characters, post-hole
Special Characters," ""Orks"""
Special Characters, Globe...
Special Characters,Double-glazed
Special Characters, USB-C
Special Characters, Cousteau’s
Special Characters, Fiver’s
Special Characters, ...Dundee
Special Characters, ....Dundee
Special Characters,...-Reboot
Special Characters, TV-Figur
Special Characters,Ahorn...
Special Characters,107.7
Special Characters,R2-D2
Special Characters, x-men
Special Characters," ""Reeses"""
Special Characters, flip-a
Special Characters, Carry-On
Special Characters,Saint-émilion
Special Characters, phil-collins
Special Characters, X-Men
Special Characters," ""Darçon"""
Special Characters, Pied-de-mouton
Special Characters,"""Ronstadts"""
Special Characters," ""Mens"""
Special Characters, M.
Special Characters, C.
Special Characters, M.C.
Special Characters, Buttercreme....
Special Characters, WALL-E
Special Characters, wall-e
Special Characters, Jean-marc
Special Characters, in-one
Special Characters, Post-wedding
Special Characters, Gilligan’s
Special Characters," ""Gilligans"""
Special Characters, Top-down
Special Characters,...300
Special Characters, milky-way
Special Characters," ""Rubiks"""
Special Characters," ""Alices"""
Special Characters, -etage
Special Characters, -case
Special Characters," ""squirels"""
Special Characters,$64000
Special Characters, Hermann’s
Special Characters," ""Scandals"""
Special Characters, Two-toed
Special Characters," ""Cinderellas"""
Special Characters," ""Harleys"""
Special Characters, 3-piece
Special Characters, Attaché-caisse
Special Characters,"""Ségarer"""
Special Characters," ""Wendys"""
Special Characters, In-N-Out
Special Characters, Rascar-Capac
Special Characters, Long-métrage
Special Characters, Schwarz-weiß
Special Characters, -strahlen
Special Characters, -Duschen
Special Characters, -halter
Special Characters,Ten-Pin
Special Characters, barbed-wire
Special Characters, martial-arts
Special Characters,Per-second
Special Characters," ""O"""
Special Characters," ""painters"""
Special Characters,-zangenbowle
Special Characters," ""Minotaurs"""
Special Characters," ""Dominos"""
Special Characters, ...bright
Special Characters," ""Leau"""
Special Characters, Qui-rit
Special Characters, Qui-rit
Special Characters,"""Taakos"""
Special Characters, -Apfel
Special Characters, Pick-up
Special Characters, Larry...
Special Characters, Trot-
Special Characters, F.gall
Special Characters," ""Dominos"""
Special Characters," ""Dominos"""
Special Characters,Coeur-de-boeuf
Special Characters, De-couture
Special Characters, Pan’s
Special Characters,...fett
Special Characters,sun-
Special Characters, Theater...
Special Characters, Theater....
Special Characters,Wohn..
Special Characters, soft-boiled
Special Characters,corn-husk
Special Characters,KIIS-FM
Special Characters, Fe-Fi-Fo-Fum
Special Characters, Reptile’s
Special Characters," ""rubiks"""
Special Characters, six-packs
Special Characters," ""DArtagnan"""
Special Characters," ""DArtagnan"""
Special Characters, Rice-like
Special Characters,Ice-cream
Special Characters, Hermann’s
Special Characters, five-star
Special Characters, One-piece
Special Characters, 2-piece
Special Characters,#2
Special Characters, Ore-Ida
Special Characters," ""sisters"""
Special Characters," ""Jackolantern"""
Special Characters, Ov-chip
Special Characters,Shell-adorned
Special Characters," ""Santas"""
Special Characters, I..
Special Characters, Polen-
Special Characters," ""Mcdonalds"""
Special Characters,Ew.
Special Characters, 3.14
Special Characters, Tv-zender
Special Characters,Regenwald-Lieferdienst
Special Characters, Chasse-au
Special Characters,J-shaped
Special Characters,Howard’s
Special Characters,Howard’s
Special Characters,"""Charlies"""
Special Characters," ""Kings"""
Special Characters, tug-of-war
Special Characters, Nez-chien
Special Characters, Moby-Dick
Special Characters, UV-A
Special Characters, Cow-boy
Special Characters, ABC-Schützen
Special Characters,Itsy-bitsy
Special Characters, Sous-vêtement
Special Characters, see-through
Special Characters," ""Paddys"""
Special Characters, four-leaf
Special Characters," ""Jacobs"""
Special Characters,Cerf-volant
Special Characters,"""Dylans"""
Special Characters,"""Minotaurs"""
Special Characters, life-sized
Special Characters, ...
Special Characters,pique-nique
Special Characters, Marie-Antoinette
Special Characters,Demi-écrémé
Special Characters,"""denter"""
Special Characters, ...
Special Characters,Floh...
Special Characters, 3-piece
Special Characters, Sibelius-talossa
Special Characters, Yu-Gi-Oh
Special Characters, ...
Special Characters,...
Special Characters, ..
Special Characters,.
Special Characters, signe-astrologique
Special Characters, Port-
Special Characters, beo-
Special Characters,one-fourth
Special Characters, fellation-lol
Special Characters, ...
Special Characters," ""dOrient"""
Special Characters, ...
Special Characters, ...
Special Characters, Rice-like
Special Characters,petit-déjener
Special Characters, ...
Special Characters, E.t
Special Characters, Téléphon....
Special Characters," ""Donnas"""
Special Characters, ...
Special Characters, ...
Special Characters, break-in
Special Characters, ...
Special Characters, ...
Special Characters, de-telephone
Special Characters," ""Dor"""
Special Characters, De-famille
Special Characters, Easy-Bake
Special Characters," ""Jacobs"""
Special Characters, samedi-soir
Special Characters, McDonald’s
Special Characters," ""Duffys"""
Special Characters," ""Pepes"""
Special Characters, Penny-farthing
Special Characters, 10-speed
Special Characters," ""Cinderellas"""
Special Characters,wide-brimmed
Special Characters, À-chiquer
Special Characters,Poudre-blanche
Special Characters, b-b-b-b-b-b-b
Special Characters, Mary-Kate
Special Characters, Jacob’s
Special Characters, Yu-Gi-Oh
Special Characters,"""FairyJuices"""
Special Characters," ""ventriloquests"""
Special Characters,Roto-rooter
Special Characters, one-piece
Special Characters, one-piece
Special Characters, ラ・グランハ
Special Characters," ""McDonalds"""
Special Characters," ""Orions"""
Special Characters," ""childrens"""
Special Characters,E.T.
Special Characters, 4-star
Special Characters, Covid-19
Special Characters, COVID-19
Special Characters, water-based
Special Characters, Wax-on
Special Characters, Daniel-san
Special Characters," ""Maids"""
Special Characters, And...
Special Characters," ""Humperdincks"""
Special Characters, Liebes-
Special Characters, St-Lazare
Special Characters, wide-brimmed
Special Characters," ""Orions"""
Special Characters, 24-hour
Special Characters,Half-breed
Special Characters," ""hairdressers"""
Special Characters,Plates-bandes
Special Characters," ""Lampoons"""
Special Characters," ""lampoons"""
Special Characters, -loni
Special Characters," ""DArtagnan"""
Special Characters, life-saving
Special Characters, D’or
Special Characters,St-jean
Special Characters, en-ciel
Special Characters, haut-de-forme
Special Characters, Passe-partout
Special Characters, Jules-Edouard
Special Characters, Tsé-tsé
Special Characters,"""Dor"""
Special Characters, ...boem
Special Characters,"""De-lavent"""
Special Characters," ""De-lannée"""
Special Characters,Animal-a-corne
Special Characters, Signe-astrologique
Special Characters, Baba-au...
Special Characters, ...-arrangé
Special Characters,Achilles’
Special Characters," ""kings"""
Special Characters, Mr.
Special Characters, Hand-held
Special Characters,"""Dapi"""
Special Characters, pat-a
Special Characters, Mid-air
Special Characters," ""CantStop"""
Special Characters, Mensch-ärgere-dich-nicht
Special Characters," ""Jacobs"""
Special Characters," ""crows"""
Special Characters," ""stacys"""
Special Characters, 3-seater
Special Characters," ""Sees"""
Special Characters, Double-sided
Special Characters, Chive-like
Special Characters, Four-wheel
Special Characters, 0.25
Special Characters, Hip-hop
Special Characters, p.m.u
Special Characters, Dans-le-ventre
Special Characters, A-linge
Special Characters," ""À-linge"""
Special Characters, rolled-up
Special Characters," ""DeNiro"""
Special Characters, Del-arte
Special Characters," ""germans"""
Special Characters, Suc’
Special Characters," ""Howls"""
Special Characters, hang-glider
Special Characters, 3.1415926
Special Characters,Hand-held
Special Characters, Pick-up
Special Characters, M.D.
Special Characters, Sit-com
Special Characters, Notre-Dame
Special Characters," ""Jacobs"""
Special Characters, Koo-tin-lok
Special Characters, Common-law
Special Characters, Mary-Kate
Special Characters,"""Niles"""
Special Characters," ""Robins"""
Special Characters,All-in
Special Characters," ""livins"""
Special Characters, Wood’s
Special Characters, Fine-tune
Special Characters, saw-whet
Special Characters," ""OShanter"""
Special Characters, Taako’s
Special Characters," ""Martys"""
Special Characters, AK-47
Special Characters, Semi-remorque
Special Characters, Pouet-Pouet
Special Characters, Pouet-pouet
Special Characters," ""eagles"""
Special Characters, ´neck
Special Characters, Cul-de-jatte
Special Characters, T-Rex
Special Characters,"""Franklins"""
Special Characters, 3-6
Special Characters,pre-swim
Special Characters, carry-on
Special Characters, Popeye’s
Special Characters, Barnes-Jewish
Special Characters, -length
Special Characters," ""detectives"""
Special Characters, Step-up
Special Characters, Sea-urchin
Special Characters, sea-urchin
Special Characters, ...artig
Special Characters, Riesen...
Special Characters, Jean-Paul
Special Characters," ""Dominos"""
Special Characters, -aceous
Special Characters, X...
Special Characters, 13.
Special Characters, -dance
Special Characters, flat-bodied
Special Characters," ""deau"""
Special Characters, ste-foy
Special Characters, J’taieu
Special Characters, Port-Cartier
Special Characters,exporte-A
Special Characters," ""Playedon"""
Special Characters, One-fourth
Special Characters,Yam-tat-wah
Special Characters, Back-wing-abandon-soldier
Special Characters," ""birds"""
Special Characters, hairdresser’s
Special Characters," ""Doz"""
Special Characters," ""Doz"""
Special Characters, C-3PO
Special Characters, Ass-Emoji
Special Characters, Zucht....
Special Characters, Père-Noël
Special Characters,Pé-Tsaï
Special Characters, Oscillo-battante
Special Characters, oscillo-battant
Special Characters," ""Orions"""
Special Characters," ""Movies"""
Special Characters, bite-sized
Special Characters, all-in
Special Characters, 0.25
Special Characters, duck’s
Special Characters,..schnalle
Special Characters, Righty-tighty
Special Characters, Cross-headed
Special Characters, Sir-corn-flex
Special Characters," ""wrestlers"""
Special Characters, make-up
Special Characters, Farmer’s
Special Characters, ...kinese
Special Characters, M.C.
Special Characters, クイントリウス・カンド
Special Characters, シル・ヴ・
Special Characters, シル・ヴ・
Special Characters,V-Baton
Special Characters, Orang-Utan
Special Characters, St.honoré
Special Characters," ""Lizards"""
Special Characters, Pop-up
Special Characters,Twenty-five
Special Characters, .25
Special Characters, No.5
Special Characters, discount-retail
Special Characters, ×
Special Characters, wind-up
Special Characters, Shai’hulud
Special Characters,R2-D2
Special Characters," ""Confectioners"""
Special Characters,Kick.....
Special Characters,99...
Special Characters,100.4
Special Characters," ""DArtagnan"""
Special Characters, cold-blood
Special Characters," ""Rubiks"""
Special Characters, micro-ondes
Special Characters, Mr.T
Special Characters, Moyen-âge
Special Characters," ""dartagnon"""
Special Characters, tissu-éponge
Special Characters, Pan’s
Special Characters," ""Pans"""
Special Characters, Moyen-âge
Special Characters, -Friedens-
Special Characters, Stand-up
Special Characters, stand-up
Special Characters, hop-hop
Special Characters, Ahorn...
Special Characters, Blanche-neige
Special Characters, Chewing-gum
Special Characters, ...völlig
Special Characters, Sunny-side-up
Special Characters, soutien-gorge
Special Characters," ""dOlonne"""
Special Characters, brown-green
Special Characters, Cordon-ombilical
Special Characters," ""tis"""
Special Characters, Dress-up
Special Characters, -begleiter
Special Characters, .....hafen
Special Characters, charter...
Special Characters, ...salon
Special Characters, Go-Gos
Special Characters, Jacob’s
Special Characters," ""Rubiks"""
Special Characters,Istore’s
Special Characters, 9-Ball
Special Characters, ...nsittich
Special Characters, ONe-way...
Special Characters, Bite-sized
Special Characters, bite-sized
Special Characters, Zaxby’s
Special Characters,Post-dinner
Special Characters, diss-
Special Characters, heart-throb
Special Characters, X-men
Special Characters,Nuss...
Special Characters, Kassetten...
Special Characters,...nsäge
Special Characters, 1cm^3
Special Characters, Cuba-Libre
Special Characters, sugar-cane
Special Characters,Ton...
Special Characters, Garten...
Special Characters,Muay-Thaï
Special Characters,tom-tom
Special Characters,...enschiff
Special Characters, ...enkappe
Special Characters,Drumher...
Special Characters,Mort-vivant
Special Characters,semi-detached
Special Characters," ""Bees"""
Special Characters, .....tennis
Special Characters,Ho-tteok
Special Characters," ""Rubiks"""
Special Characters, Bye-bye
Special Characters, Naruto’s
Special Characters, chauve-souris
Special Characters," ""Rubiks"""
Special Characters, U-Haul
Special Characters,Heizungs-
Special Characters, Fern...teleskop
Special Characters,3.14
Special Characters," ""Eltons"""
Special Characters,"""Tennilles"""
Special Characters, Teary-eyed
Special Characters," ""fishermans"""
Special Characters, 0900er...
Special Characters, Telefon...
Special Characters, Longue-vue
Special Characters," ""Arnotts"""
Special Characters, Pepper’s
Special Characters,Frank-N-Furter
Special Characters, ...npost
Special Characters,porte-manteau
Special Characters, moulin-à-paroles
Special Characters, Abat-jour
Special Characters," ""Arnotts"""
Special Characters, Des-landes
Special Characters, Saint-amand
Special Characters, Every-Breath-you-take
Special Characters, Message-in-a-bottle
Special Characters, Neu-Afrika
Special Characters, mona-lisa
Special Characters, Boîte-a
Special Characters, De-travail
Special Characters,Girl-
Special Characters, Präsidentschafts...
Special Characters, bottle-gourd-shape
Special Characters,Mr.Bean
Special Characters, L.A.
Special Characters,"""Pans"""
Special Characters," ""Woodcutters"""
Special Characters, -y
Special Characters," ""Macdonalds"""
Special Characters, Sch...nstempel
Special Characters, la-neige
Special Characters, 7-Tage-Vorhersage
Special Characters, Ship’s
Special Characters, cold-pressed
Special Characters,sea-foam
Special Characters, Mid-autumnfestival
Special Characters,F-150
Special Characters," ""grocers"""
Numbers, 1984
Numbers, 3D
Numbers, 112
Numbers, 112
Numbers, F1
Numbers,500
Numbers,alt24
Numbers,2D
Numbers, 931260585
Numbers,977477766
Numbers,3D
Numbers, 1714
Numbers,12th
Numbers,2000
Numbers, FFP2
Numbers,U9
Numbers,CR2032
Numbers, A3C2
Numbers, 40ans
Numbers,4
Numbers,7days
Numbers, 104
Numbers, 99
Numbers, 117
Numbers, 2
Numbers, 3
Numbers,2000
Numbers, 1989
Numbers, 266
Numbers, 7wonders
Numbers,V8
Numbers,5e
Numbers,4fromages
Numbers, 13th
Numbers, 4
Numbers, 112
Numbers, 911
Numbers,F1
Numbers, 100m
Numbers, 18channel
Numbers, 1776
Numbers, 25
Numbers, 747
Numbers, 747
Numbers, 101
Numbers, 2016
Numbers,25
Numbers, F150
Numbers,A320
Numbers, 31
Numbers, 4
Numbers, 911
Numbers, 21
Numbers, Akaichan8
Numbers,L4D2
Numbers,1978
Numbers, D4
Numbers, D4
Numbers,3D
Numbers,13th
Numbers, 12
Numbers, 25p
Numbers, 2004
Numbers,FFp2
Numbers, 4
Numbers, N95
Numbers,99
Numbers, 12
Numbers, 360
Numbers, K2
Numbers, 90
Numbers, 18
Numbers, 101F
Numbers, N95
Numbers, V8
Numbers, AO3
Numbers,93
Numbers, V2
Numbers, 1984
Numbers,110
Numbers,4
Numbers, 525600
Numbers, CAC40
Numbers, M6
Numbers, 15
Numbers, 32
Numbers, 2025
Numbers, 7
Numbers, 70s
Numbers, 60er
Numbers, 3
Numbers, F5
Numbers, 8GB
Numbers, 112
Numbers, 3D
Numbers, 3D
Numbers,12
Numbers, 66
Numbers, 8
Numbers, 24
Numbers,12
Numbers, N95
Numbers, 3000gほど
Numbers, 3
Numbers, 24
Numbers, 3
Numbers, F150
Numbers, R2D2
Numbers, 4D
Numbers, 3D
Numbers, 1969
Numbers, 5
Numbers,Tf1
Numbers,c3po
Numbers, Hoteltransilvanien2
Numbers, WDR4
Numbers, 183
Numbers, 183
Numbers, 183
Numbers, 007
Numbers, 007
Numbers,350
Numbers, um1600
Numbers, 1914
Numbers, 1939
Numbers, 7
Numbers, 911
Numbers, 27
Numbers, GB3ORK
Numbers, 1
Numbers, No5
Numbers, 90
Numbers, 5
Numbers, 117
Numbers, 1636
Numbers,5
Numbers, 13th
Numbers, U2
Numbers, 3
Numbers, 3D
Numbers, 2ちゃんねる
Numbers, 13th
Numbers,5
Numbers, Big5
Numbers,221b
Numbers,C4
Numbers,2135132
Numbers, 5566
Numbers, 12
Numbers,2130
Numbers, 84
Numbers, Super8
Numbers, F150
Numbers, tmc5
Numbers, SiO2
Numbers, 110v
Numbers, 8
Numbers, HAL9000
Numbers, 35mm
Numbers, 3D
Numbers, 14
Numbers, 1812
Numbers, 103
Numbers, 1789
Numbers, 3
Numbers, C3PO
Numbers, C3PO
Numbers, 214
Numbers, 99
Numbers, 79
Numbers,911
Numbers, F1
Numbers, F150
Numbers, 7th
Numbers, 15
Numbers, 15minutes
Numbers,VC64
Numbers, H5N2
Numbers, 2x4
Numbers, 18
Numbers, 18
Numbers, MP5
Numbers, 60ziger
Numbers, K2
Numbers, 007
Numbers, 7
Numbers, Formula1
Numbers, m3
Numbers, m3
Numbers, 1969
Numbers, 18
Numbers, 3m05
Numbers, 666
Numbers,F4
Numbers, 40GradCelsius
Numbers, 206
Numbers, 99
Numbers, 99
Numbers, Tf1
Numbers, 12th
Numbers, 12th
Numbers,R2d2
Numbers,39
Numbers, B52
Numbers, 38
Numbers, 8
Numbers, 666
Numbers, F1
Numbers,911
Numbers, R6
Numbers, Spf50
Numbers, d4
Numbers, HAL9000
Numbers, R2D2
Numbers, 100
Numbers, 1664
Numbers, 3D
Numbers, 12
Numbers, 2
Numbers, 184
Numbers, 4fromages
Numbers, 3D
Numbers, c3po
Numbers, R2d2
Numbers,C3PO
Numbers,360
Numbers, Stam1na
Numbers, 6
Numbers, 512
Numbers,999
Numbers, R2d2
Numbers, R2D2
Numbers, HM05
Numbers, 8tausernder
Numbers,3D
Numbers, 18
Numbers, 35mm
Numbers, 221b
Numbers, 8849
Numbers, B52
Numbers, RosaFilm2023
Numbers, 100101001
Numbers,3D
Numbers, 115マンキロ
Numbers, 115まんキロ
Numbers, CO2
Numbers, 300
Numbers,63
Numbers, 12th
Numbers, 12th
Numbers, Com8c
Numbers, 53
Numbers,747
Numbers, A380
Numbers,24k
Numbers, DS9
Numbers, 10
Numbers, H1N1
Numbers, 76
Numbers, 8
Numbers,WW11
Numbers,101
Numbers, 2cellos
Numbers, 3かい
Numbers, N95
Numbers, 29
Numbers, 50th
Numbers, 50th
Numbers, 12
Numbers, 36
Numbers, 99
Numbers, 80er
Numbers, 80er
Numbers, R2d2
Numbers, 1912
Numbers, 13th
Numbers,2010
Numbers, 500ml
Numbers, 4temps
Numbers,12
Numbers, 19
Numbers, 21
Numbers, 18
Numbers, 18
Numbers, 10speed
Numbers, 221
Numbers, formule1
Numbers, Mp3
Numbers,911
Numbers, 375
Numbers, 12volt
Numbers, 12volt
Numbers, 77
Numbers, jp2
Numbers, 911
Numbers, 9h
Numbers, 20h
Numbers,MI6
Numbers, 11
Numbers, 007
Numbers, 1789
Numbers, 180
Numbers, Mi6
Numbers, 5050
Numbers, 2
Numbers, 12th
Numbers,16cm
Numbers, U2
Numbers, June21st
Numbers, 007
Numbers, 99
Numbers, 10
Numbers, 17
Numbers, 21
Numbers, 4eyes
Numbers, 4eyes
Numbers, 2D
Numbers, H2o
Numbers, 40
Numbers, 4
Numbers, 110
Numbers, 4
Numbers, 3
Numbers, 13
Numbers,cr2032
Numbers, lr44
Numbers, 15625
Numbers, 112
Numbers, top50
Numbers,101
Numbers, 4
Numbers, 13th
Numbers,1914
Numbers, 4711
Numbers, 1664
Numbers, 2000D
Numbers, 911
Numbers, R2D2
Numbers, 500
Numbers,25
Numbers, K2
Numbers, ちょうけい3ごう
Numbers,Symphonynr9
Numbers, u2
Numbers, 3D
Numbers, 4がつ
Numbers, 80er
Numbers, 60
Numbers,a4
Numbers, 13
Numbers, 180
Numbers, 2pair
Numbers, 21
Numbers, 3D
Numbers, 3D
Numbers, 185
Numbers, 12
Numbers, ddr4
Numbers, A5
Numbers, A5
Numbers, 90
Numbers,90er
Numbers, トップ3
Numbers, PS5
Numbers, 451
Numbers, 1001
Numbers, 9mm
Numbers, 220V
Numbers, 112
Numbers, 3D
Numbers,2700k
Numbers, F5
Numbers,911
Numbers, 25m
Numbers, 25m
Numbers, 11
Numbers, 2700k
Numbers, EM2016
Numbers,999
Numbers, 49
Numbers,1912
Numbers, A23a
Numbers, 4
Numbers, 150
Numbers, 360
Numbers, 1
Numbers, Appollo11
